id;name;;login;password;ip;lastenter;services;type;;;;;;;;;;;;;;
1;Clareta;Hacking;chacking0;4tzqHdkqzo4;147.231.50.234;02.10.2020;"[{""code"":557},{""code"":836},{""code"":287}]";1;;"[{""code"":557},{""code"":836},{""code"":287}]";;557;836;287;;;;8;14;17;;
2;Northrop;Mably;nmably1;ukM0e6;22.32.15.211;6.20.2020;"[{""code"":855},{""code"":619},{""code"":557},{""code"":836},{""code"":548}]";2;;"[{""code"":855},{""code"":619},{""code"":557},{""code"":836},{""code"":548}]";;855;619;557;836;548;;12;1;8;14;3
3;Fabian;Rolf;frolf2;7QpCwac0yi;113.92.142.29;5.19.2020;"[{""code"":543},{""code"":836}]";1;;"[{""code"":543},{""code"":836}]";;543;836;;;;;7;14;;;
4;Lauree;Raden;lraden3;5Ydp2mz;39.24.146.52;6.22.2020;"[{""code"":855},{""code"":258}]";1;;"[{""code"":855},{""code"":258}]";;855;258;;;;;12;4;;;
5;Barby;Follos;bfollos4;ckmAJPQV;87.232.97.3;3.18.2020;"[{""code"":543},{""code"":415},{""code"":619},{""code"":557}]";1;;"[{""code"":543},{""code"":415},{""code"":619},{""code"":557}]";;543;415;619;557;;;7;10;1;8;
6;Mile;Enterle;menterle5;0PRom6i;85.121.209.6;07.04.2020;"[{""code"":557},{""code"":836},{""code"":229}]";2;;"[{""code"":557},{""code"":836},{""code"":229}]";;557;836;229;;;;8;14;9;;
7;Midge;Peaker;mpeaker6;0Tc5oRc;196.39.132.128;09.03.2020;"[{""code"":287},{""code"":619},{""code"":548},{""code"":346}]";2;;"[{""code"":287},{""code"":619},{""code"":548},{""code"":346}]";;287;619;548;346;;;17;1;3;13;
8;Manon;Robichon;mrobichon7;LEwEjMlmE5X;143.159.207.105;8.31.2020;"[{""code"":415},{""code"":311},{""code"":176},{""code"":855}]";2;;"[{""code"":415},{""code"":311},{""code"":176},{""code"":855}]";;415;311;176;855;;;10;2;5;12;
9;Stavro;Robken;srobken8;Cbmj3Yi;12.154.73.196;5.22.2020;"[{""code"":323},{""code"":548},{""code"":346}]";3;;"[{""code"":323},{""code"":548},{""code"":346}]";;323;548;346;;;;11;3;13;;
10;Bryan;Tidmas;btidmas9;dYDHbBQfK;24.42.134.21;06.06.2020;"[{""code"":229},{""code"":346},{""code"":501},{""code"":548}]";3;;"[{""code"":229},{""code"":346},{""code"":501},{""code"":548}]";;229;346;501;548;;;9;13;6;3;
11;Jeannette;Fussie;jfussiea;EGxXuLQ9;98.194.112.137;8.21.2020;"[{""code"":287}]";2;;"[{""code"":287}]";;287;;;;;;17;;;;
12;Stephen;Antonacci;santonaccib;YcXAhY3Pja;198.146.255.15;10.03.2019;"[{""code"":619},{""code"":258},{""code"":229},{""code"":557},{""code"":797}]";2;;"[{""code"":619},{""code"":258},{""code"":229},{""code"":557},{""code"":797}]";;619;258;229;557;797;;1;4;9;8;16
13;Niccolo;Bountiff;nbountiffc;5xfyjS9ZULGA;231.78.246.229;1.22.2020;"[{""code"":323},{""code"":311},{""code"":557}]";1;;"[{""code"":323},{""code"":311},{""code"":557}]";;323;311;557;;;;11;2;8;;
14;Clemente;Benjefield;cbenjefieldd;tQOsP0ei9TuD;88.126.93.246;07.09.2020;"[{""code"":855},{""code"":176},{""code"":176},{""code"":855}]";3;;"[{""code"":855},{""code"":176},{""code"":176},{""code"":855}]";;855;176;176;855;;;12;5;5;12;
15;Orlan;Corbyn;ocorbyne;bG1ZIzwIoU;232.175.48.179;4.24.2020;"[{""code"":229},{""code"":836},{""code"":287},{""code"":619}]";3;;"[{""code"":229},{""code"":836},{""code"":287},{""code"":619}]";;229;836;287;619;;;9;14;17;1;
16;Coreen;Stickins;cstickinsf;QRYADbgNj;64.30.175.158;4.20.2020;"[{""code"":557}]";1;;"[{""code"":557}]";;557;;;;;;8;;;;
17;Daveta;Clarage;dclarageg;Yp59ZIDnWe;139.88.229.111;06.09.2020;"[{""code"":346},{""code"":836},{""code"":346}]";3;;"[{""code"":346},{""code"":836},{""code"":346}]";;346;836;346;;;;13;14;13;;
18;Javier;McCawley;jmccawleyh;g58zLcmCYON;14.199.67.32;4.20.2020;"[{""code"":619},{""code"":258}]";3;;"[{""code"":619},{""code"":258}]";;619;258;;;;;1;4;;;
19;Daile;Band;dbandi;yFAaYuVW;206.105.148.56;12.02.2019;"[{""code"":176},{""code"":543},{""code"":855},{""code"":258}]";3;;"[{""code"":176},{""code"":543},{""code"":855},{""code"":258}]";;176;543;855;258;;;5;7;12;4;
20;Angil;Buttery;abutteryj;ttOFbWWGtD;192.158.7.138;6.21.2020;"[{""code"":323},{""code"":855},{""code"":659},{""code"":287}]";2;;"[{""code"":323},{""code"":855},{""code"":659},{""code"":287}]";;323;855;659;287;;;11;12;15;17;
21;Kyla;Kinman;kkinmank;qUr6fdWP6L5G;134.99.243.113;11.08.2019;"[{""code"":346},{""code"":855},{""code"":323},{""code"":557},{""code"":501}]";1;;"[{""code"":346},{""code"":855},{""code"":323},{""code"":557},{""code"":501}]";;346;855;323;557;501;;13;12;11;8;6
22;Selena;Skepper;sskepperl;jHYN0v3;52.90.89.126;4.28.2020;"[{""code"":855},{""code"":287}]";3;;"[{""code"":855},{""code"":287}]";;855;287;;;;;12;17;;;
23;Alyson;Yeoland;ayeolandm;QQezRBV9;239.7.55.187;5.31.2020;"[{""code"":836},{""code"":836},{""code"":229},{""code"":258},{""code"":836}]";3;;"[{""code"":836},{""code"":836},{""code"":229},{""code"":258},{""code"":836}]";;836;836;229;258;836;;14;14;9;4;14
24;Claudie;Speeding;cspeedingn;UCLYITfw2Vo;127.37.194.127;11.15.2019;"[{""code"":548},{""code"":557},{""code"":176}]";2;;"[{""code"":548},{""code"":557},{""code"":176}]";;548;557;176;;;;3;8;5;;
25;Alaric;Scarisbrick;ascarisbricko;fzBcv6GbyCp;97.227.15.172;2.19.2020;"[{""code"":543},{""code"":836}]";3;;"[{""code"":543},{""code"":836}]";;543;836;;;;;7;14;;;
26;Marie;Thurby;mthurbyp;wg0uIskqei;94.70.148.135;9.18.2019;"[{""code"":548},{""code"":855}]";1;;"[{""code"":548},{""code"":855}]";;548;855;;;;;3;12;;;
27;Cloe;Roxbrough;croxbroughq;67CVVym;185.110.201.36;01.11.2020;"[{""code"":501},{""code"":797},{""code"":797}]";2;;"[{""code"":501},{""code"":797},{""code"":797}]";;501;797;797;;;;6;16;16;;
28;Pegeen;McCotter;pmccotterr;QG5tdzRpGZJ2;22.179.187.229;3.22.2020;"[{""code"":176},{""code"":855}]";3;;"[{""code"":176},{""code"":855}]";;176;855;;;;;5;12;;;
29;Iggie;Calleja;icallejas;aeDvZk8o9;67.237.123.227;7.19.2020;"[{""code"":836},{""code"":176},{""code"":619},{""code"":258}]";2;;"[{""code"":836},{""code"":176},{""code"":619},{""code"":258}]";;836;176;619;258;;;14;5;1;4;
30;Nelle;Brosch;nbroscht;DmPJt2;251.1.59.65;12.17.2019;"[{""code"":346}]";3;;"[{""code"":346}]";;346;;;;;;13;;;;
31;Shae;Allsepp;sallseppu;t0ko0854Cpvv;88.20.74.85;08.09.2020;"[{""code"":548},{""code"":229},{""code"":258},{""code"":619}]";2;;"[{""code"":548},{""code"":229},{""code"":258},{""code"":619}]";;548;229;258;619;;;3;9;4;1;
32;Eldridge;Abbatucci;eabbatucciv;gUtNdsDu;52.44.134.126;3.29.2020;"[{""code"":836},{""code"":836},{""code"":797}]";2;;"[{""code"":836},{""code"":836},{""code"":797}]";;836;836;797;;;;14;14;16;;
33;Skip;Garnham;sgarnhamw;eml6RqbK;100.17.131.54;1.29.2020;"[{""code"":548}]";2;;"[{""code"":548}]";;548;;;;;;3;;;;
34;Ric;Kitchenside;rkitchensidex;xaa7miQ7yB;29.100.76.146;12.14.2019;"[{""code"":501},{""code"":258},{""code"":659},{""code"":501},{""code"":659}]";2;;"[{""code"":501},{""code"":258},{""code"":659},{""code"":501},{""code"":659}]";;501;258;659;501;659;;6;4;15;6;15
35;Urbanus;Di Meo;udiy;dHqu78cU6NOP;90.30.202.251;12.25.2019;"[{""code"":797},{""code"":287},{""code"":855},{""code"":346}]";2;;"[{""code"":797},{""code"":287},{""code"":855},{""code"":346}]";;797;287;855;346;;;16;17;12;13;
36;Monty;Beidebeke;mbeidebekez;F5T5spAU9A4O;3.32.202.92;02.05.2020;"[{""code"":415},{""code"":543},{""code"":836}]";2;;"[{""code"":415},{""code"":543},{""code"":836}]";;415;543;836;;;;10;7;14;;
37;Byrann;Savins;bsavins10;l6sYf29NLN;123.187.14.103;1.23.2020;"[{""code"":836}]";2;;"[{""code"":836}]";;836;;;;;;14;;;;
38;Sonnie;Riby;sriby11;Va34LYqFh;16.81.16.23;6.17.2020;"[{""code"":501}]";2;;"[{""code"":501}]";;501;;;;;;6;;;;
39;Sherill;Birney;sbirney12;Ggygo2ePsETs;144.76.193.237;12.27.2019;"[{""code"":836},{""code"":258},{""code"":619}]";1;;"[{""code"":836},{""code"":258},{""code"":619}]";;836;258;619;;;;14;4;1;;
40;Indira;Kleanthous;ikleanthous13;3H0GS7a;169.108.108.88;12.29.2019;"[{""code"":797},{""code"":346},{""code"":543},{""code"":501},{""code"":258}]";2;;"[{""code"":797},{""code"":346},{""code"":543},{""code"":501},{""code"":258}]";;797;346;543;501;258;;16;13;7;6;4
41;Maison;Skerme;mskerme14;wy1HWA;143.177.136.232;02.10.2020;"[{""code"":176},{""code"":619}]";2;;"[{""code"":176},{""code"":619}]";;176;619;;;;;5;1;;;
42;Hanan;Cahey;hcahey15;NSXcG9khd;18.127.87.158;6.13.2020;"[{""code"":501},{""code"":258}]";3;;"[{""code"":501},{""code"":258}]";;501;258;;;;;6;4;;;
43;Tore;Rusling;trusling16;abol9dYC8e;142.216.95.251;3.19.2020;"[{""code"":619}]";2;;"[{""code"":619}]";;619;;;;;;1;;;;
44;Jeddy;De Souza;jde17;gK6Hsl8Q;229.104.255.175;10.17.2019;"[{""code"":415},{""code"":619}]";2;;"[{""code"":415},{""code"":619}]";;415;619;;;;;10;1;;;
45;Flossi;McLeoid;fmcleoid18;B9zr0N7cJw;90.207.38.179;1.26.2020;"[{""code"":543}]";2;;"[{""code"":543}]";;543;;;;;;7;;;;
46;Nikoletta;Megainey;nmegainey19;gph7QurFf;172.249.218.50;5.22.2020;"[{""code"":415}]";2;;"[{""code"":415}]";;415;;;;;;10;;;;
47;Adan;Bliven;abliven1a;vVxlf94KpeX;49.101.94.118;6.17.2020;"[{""code"":323},{""code"":548}]";3;;"[{""code"":323},{""code"":548}]";;323;548;;;;;11;3;;;
48;Mohandis;Rossoni;mrossoni1b;nLXj2lS;161.5.132.42;11.16.2019;"[{""code"":176},{""code"":659},{""code"":287}]";3;;"[{""code"":176},{""code"":659},{""code"":287}]";;176;659;287;;;;5;15;17;;
49;Nappie;Redington;nredington1c;DCbOb1SX;174.42.8.3;05.06.2020;"[{""code"":548}]";2;;"[{""code"":548}]";;548;;;;;;3;;;;
50;Lenka;Francie;lfrancie1d;DoGeHWuAAM;182.2.128.34;3.30.2020;"[{""code"":659},{""code"":501},{""code"":415}]";2;;"[{""code"":659},{""code"":501},{""code"":415}]";;659;501;415;;;;15;6;10;;
51;Ashley;Blowin;ablowin1e;aQygVtMjN;73.212.243.168;6.24.2020;"[{""code"":176},{""code"":311},{""code"":855},{""code"":176}]";2;;"[{""code"":176},{""code"":311},{""code"":855},{""code"":176}]";;176;311;855;176;;;5;2;12;5;
52;Vale;Goroni;vgoroni1f;bWr0QU;93.126.120.134;8.19.2020;"[{""code"":287},{""code"":287},{""code"":659}]";3;;"[{""code"":287},{""code"":287},{""code"":659}]";;287;287;659;;;;17;17;15;;
53;Suki;Grafom;sgrafom1g;JcNcVDAouYzA;9.26.5.107;12.17.2019;"[{""code"":797},{""code"":323},{""code"":548}]";3;;"[{""code"":797},{""code"":323},{""code"":548}]";;797;323;548;;;;16;11;3;;
54;Justis;Gianneschi;jgianneschi1h;oieX5u3sUfpD;139.241.156.87;3.14.2020;"[{""code"":836},{""code"":543},{""code"":548},{""code"":311}]";3;;"[{""code"":836},{""code"":543},{""code"":548},{""code"":311}]";;836;543;548;311;;;14;7;3;2;
55;Emilie;Collett;ecollett1i;Y0uMyKB0W;47.0.240.7;10.07.2019;"[{""code"":543},{""code"":287},{""code"":258}]";2;;"[{""code"":543},{""code"":287},{""code"":258}]";;543;287;258;;;;7;17;4;;
56;Byrom;Terrell;bterrell1j;hswseW;157.21.33.53;2.25.2020;"[{""code"":287},{""code"":557},{""code"":543}]";1;;"[{""code"":287},{""code"":557},{""code"":543}]";;287;557;543;;;;17;8;7;;
57;Daphne;Bifield;dbifield1k;oYAQ4URihIA;24.185.229.169;7.29.2020;"[{""code"":619},{""code"":323},{""code"":855},{""code"":229}]";1;;"[{""code"":619},{""code"":323},{""code"":855},{""code"":229}]";;619;323;855;229;;;1;11;12;9;
58;Blanca;Staig;bstaig1l;MygqEtjMtUbC;171.78.28.229;2.19.2020;"[{""code"":176},{""code"":855}]";3;;"[{""code"":176},{""code"":855}]";;176;855;;;;;5;12;;;
59;Adriaens;Kennsley;akennsley1m;CTUdBfJsy6qF;208.81.128.179;7.15.2020;"[{""code"":836},{""code"":548}]";3;;"[{""code"":836},{""code"":548}]";;836;548;;;;;14;3;;;
60;Emlyn;Bartak;ebartak1n;y3t4H1;130.247.20.138;12.20.2019;"[{""code"":543}]";1;;"[{""code"":543}]";;543;;;;;;7;;;;
61;Victoria;Willshire;vwillshire1o;VFSLc2t;243.230.165.161;09.03.2020;"[{""code"":557},{""code"":287},{""code"":836},{""code"":287}]";1;;"[{""code"":557},{""code"":287},{""code"":836},{""code"":287}]";;557;287;836;287;;;8;17;14;17;
62;Egon;Savin;esavin1p;axnJY9s;40.140.160.210;1.31.2020;"[{""code"":346},{""code"":258},{""code"":543},{""code"":323},{""code"":176}]";2;;"[{""code"":346},{""code"":258},{""code"":543},{""code"":323},{""code"":176}]";;346;258;543;323;176;;13;4;7;11;5
63;Phillie;Elsom;pelsom1q;OXzMECG;253.7.8.82;01.01.2020;"[{""code"":323},{""code"":501},{""code"":501}]";2;;"[{""code"":323},{""code"":501},{""code"":501}]";;323;501;501;;;;11;6;6;;
64;Adan;Semaine;asemaine1r;MdJRkHor5SP;76.252.15.218;10.05.2019;"[{""code"":258}]";2;;"[{""code"":258}]";;258;;;;;;4;;;;
65;Constantino;Northrop;cnorthrop1s;UIwCvTA7MRS0;119.130.24.85;10.12.2019;"[{""code"":176},{""code"":229}]";1;;"[{""code"":176},{""code"":229}]";;176;229;;;;;5;9;;;
66;Rodie;Easson;reasson1t;3J0jgg9RWlXs;212.248.119.232;8.14.2020;"[{""code"":855},{""code"":287},{""code"":797}]";2;;"[{""code"":855},{""code"":287},{""code"":797}]";;855;287;797;;;;12;17;16;;
67;Alida;Boleyn;aboleyn1u;3q2mQdDRmtr;181.14.56.184;5.26.2020;"[{""code"":229},{""code"":323},{""code"":501},{""code"":258},{""code"":415}]";3;;"[{""code"":229},{""code"":323},{""code"":501},{""code"":258},{""code"":415}]";;229;323;501;258;415;;9;11;6;4;10
68;Hill;Scholfield;hscholfield1v;1Pbs3K6qXYB;15.7.205.224;2.23.2020;"[{""code"":619},{""code"":258},{""code"":501},{""code"":287}]";2;;"[{""code"":619},{""code"":258},{""code"":501},{""code"":287}]";;619;258;501;287;;;1;4;6;17;
69;Cordell;Cowpe;ccowpe1w;VHr417Ft0;237.236.173.63;6.17.2020;"[{""code"":346},{""code"":311},{""code"":346},{""code"":176}]";3;;"[{""code"":346},{""code"":311},{""code"":346},{""code"":176}]";;346;311;346;176;;;13;2;13;5;
70;Alexandro;Eldon;aeldon1x;rrywOQRmFKyh;4.174.11.210;12.04.2019;"[{""code"":836},{""code"":346},{""code"":836}]";1;;"[{""code"":836},{""code"":346},{""code"":836}]";;836;346;836;;;;14;13;14;;
71;Kayle;Collin;kcollin1y;Q0ZV21vew0;52.19.142.168;6.30.2020;"[{""code"":346}]";1;;"[{""code"":346}]";;346;;;;;;13;;;;
72;Inesita;Larkins;ilarkins1z;DEFNpHtU;3.26.42.188;12.05.2019;"[{""code"":548},{""code"":258},{""code"":311},{""code"":229}]";1;;"[{""code"":548},{""code"":258},{""code"":311},{""code"":229}]";;548;258;311;229;;;3;4;2;9;
73;Waylin;Lound;wlound20;a2G4Ihh2o;31.243.68.215;1.26.2020;"[{""code"":619},{""code"":659},{""code"":346}]";1;;"[{""code"":619},{""code"":659},{""code"":346}]";;619;659;346;;;;1;15;13;;
74;Mechelle;Gillogley;mgillogley21;EjUHfCUFqF;79.38.53.53;05.01.2020;"[{""code"":346},{""code"":176},{""code"":176},{""code"":415},{""code"":415}]";2;;"[{""code"":346},{""code"":176},{""code"":176},{""code"":415},{""code"":415}]";;346;176;176;415;415;;13;5;5;10;10
75;Donal;Muccino;dmuccino22;E4okVgx;109.138.101.234;04.02.2020;"[{""code"":176},{""code"":619},{""code"":287},{""code"":311},{""code"":619}]";3;;"[{""code"":176},{""code"":619},{""code"":287},{""code"":311},{""code"":619}]";;176;619;287;311;619;;5;1;17;2;1
76;Joye;Leadbetter;jleadbetter23;ZNsaKdgb;51.245.190.167;05.02.2020;"[{""code"":548},{""code"":543},{""code"":548},{""code"":855}]";2;;"[{""code"":548},{""code"":543},{""code"":548},{""code"":855}]";;548;543;548;855;;;3;7;3;12;
77;Gianina;Trump;gtrump24;6XXY7IS26Ci;11.191.37.17;08.03.2020;"[{""code"":258}]";3;;"[{""code"":258}]";;258;;;;;;4;;;;
78;Read;LeEstut;rleestut25;zq3C4rUR;119.247.100.162;09.11.2020;"[{""code"":323},{""code"":287},{""code"":659},{""code"":176}]";1;;"[{""code"":323},{""code"":287},{""code"":659},{""code"":176}]";;323;287;659;176;;;11;17;15;5;
79;Jill;Anscott;janscott26;5maCRrCZLu;104.85.178.46;4.28.2020;"[{""code"":287}]";3;;"[{""code"":287}]";;287;;;;;;17;;;;
80;Bud;Douch;bdouch27;KAkwrli;72.132.101.188;02.06.2020;"[{""code"":287}]";1;;"[{""code"":287}]";;287;;;;;;17;;;;
81;Cicily;Ossenna;cossenna28;vfKJkCeohOzZ;230.85.180.186;01.06.2020;"[{""code"":501},{""code"":176},{""code"":176}]";3;;"[{""code"":501},{""code"":176},{""code"":176}]";;501;176;176;;;;6;5;5;;
82;Hew;Izzat;hizzat29;Uifdtu;143.246.125.169;1.20.2020;"[{""code"":287},{""code"":501},{""code"":287},{""code"":311}]";1;;"[{""code"":287},{""code"":501},{""code"":287},{""code"":311}]";;287;501;287;311;;;17;6;17;2;
83;Eddie;Gimeno;egimeno2a;oF1hbmKlZ;60.57.115.125;3.18.2020;"[{""code"":659},{""code"":543},{""code"":501},{""code"":659},{""code"":548}]";3;;"[{""code"":659},{""code"":543},{""code"":501},{""code"":659},{""code"":548}]";;659;543;501;659;548;;15;7;6;15;3
84;Sybyl;Fierro;sfierro2b;VjUrQ2;250.233.247.215;1.22.2020;"[{""code"":415},{""code"":323},{""code"":346},{""code"":311}]";2;;"[{""code"":415},{""code"":323},{""code"":346},{""code"":311}]";;415;323;346;311;;;10;11;13;2;
85;Nicol;Troup;ntroup2c;KmDDYf1Pu;121.7.142.165;6.25.2020;"[{""code"":415},{""code"":176},{""code"":836},{""code"":287}]";2;;"[{""code"":415},{""code"":176},{""code"":836},{""code"":287}]";;415;176;836;287;;;10;5;14;17;
86;Bondy;Pattenden;bpattenden2d;IOUkHpOn;45.121.26.90;6.15.2020;"[{""code"":836},{""code"":229},{""code"":346},{""code"":346}]";1;;"[{""code"":836},{""code"":229},{""code"":346},{""code"":346}]";;836;229;346;346;;;14;9;13;13;
87;Angus;Cockman;acockman2e;fDKhK7OK;167.9.255.77;01.06.2020;"[{""code"":323},{""code"":229},{""code"":258},{""code"":258},{""code"":415}]";1;;"[{""code"":323},{""code"":229},{""code"":258},{""code"":258},{""code"":415}]";;323;229;258;258;415;;11;9;4;4;10
88;Mord;Hanscome;mhanscome2f;xBHzpa7eP0u;121.181.10.230;07.10.2020;"[{""code"":346},{""code"":548},{""code"":548}]";2;;"[{""code"":346},{""code"":548},{""code"":548}]";;346;548;548;;;;13;3;3;;
89;Susy;Leblanc;sleblanc2g;T2et1U5M;118.164.120.202;6.16.2020;"[{""code"":855},{""code"":619}]";2;;"[{""code"":855},{""code"":619}]";;855;619;;;;;12;1;;;
90;Gerard;Ciccoloi;gciccoloi2h;w4dZ3hxiCiAg;71.235.27.27;02.03.2020;"[{""code"":548},{""code"":311},{""code"":346},{""code"":311}]";1;;"[{""code"":548},{""code"":311},{""code"":346},{""code"":311}]";;548;311;346;311;;;3;2;13;2;
91;Seamus;Sayburn;ssayburn2i;1hTM7EVKaS;75.194.92.114;1.24.2020;"[{""code"":557},{""code"":548},{""code"":557},{""code"":323},{""code"":557}]";2;;"[{""code"":557},{""code"":548},{""code"":557},{""code"":323},{""code"":557}]";;557;548;557;323;557;;8;3;8;11;8
92;Washington;Gentiry;wgentiry2j;z2X9UH5;188.49.78.185;04.10.2020;"[{""code"":323},{""code"":855},{""code"":229}]";1;;"[{""code"":323},{""code"":855},{""code"":229}]";;323;855;229;;;;11;12;9;;
93;Rebekkah;Westall;rwestall2k;xLgunbO9x6;212.150.81.93;02.02.2020;"[{""code"":501},{""code"":501},{""code"":855},{""code"":797},{""code"":501}]";2;;"[{""code"":501},{""code"":501},{""code"":855},{""code"":797},{""code"":501}]";;501;501;855;797;501;;6;6;12;16;6
94;Court;Kulic;ckulic2l;FLHYRN;154.121.193.131;6.26.2020;"[{""code"":323}]";1;;"[{""code"":323}]";;323;;;;;;11;;;;
95;Lorilee;Roux;lroux2m;98cCxHeeK31;229.187.60.106;06.12.2020;"[{""code"":415},{""code"":543}]";3;;"[{""code"":415},{""code"":543}]";;415;543;;;;;10;7;;;
96;Modestine;Rolinson;mrolinson2n;faGzyW8hEca;9.203.185.188;10.30.2019;"[{""code"":311},{""code"":855},{""code"":797},{""code"":855}]";1;;"[{""code"":311},{""code"":855},{""code"":797},{""code"":855}]";;311;855;797;855;;;2;12;16;12;
97;Shelbi;Ellgood;sellgood2o;3do5MME;199.226.26.7;8.31.2020;"[{""code"":176},{""code"":836},{""code"":346},{""code"":501},{""code"":176}]";3;;"[{""code"":176},{""code"":836},{""code"":346},{""code"":501},{""code"":176}]";;176;836;346;501;176;;5;14;13;6;5
98;Barbabra;Retchless;bretchless2p;WraGihh;86.66.23.203;11.09.2019;"[{""code"":229},{""code"":415},{""code"":258},{""code"":619}]";2;;"[{""code"":229},{""code"":415},{""code"":258},{""code"":619}]";;229;415;258;619;;;9;10;4;1;
99;Robinetta;Jerzak;rjerzak2q;hAp8jki;205.158.144.210;12.11.2019;"[{""code"":659}]";2;;"[{""code"":659}]";;659;;;;;;15;;;;
100;Vance;Boots;vboots2r;bgJfSDEVEQm6;91.73.40.29;09.07.2020;"[{""code"":548},{""code"":346},{""code"":311}]";2;;"[{""code"":548},{""code"":346},{""code"":311}]";;548;346;311;;;;3;13;2;;
